"change","phenotype","BIC","CAB","DTG","EVG","RAL","DOR","EFV","ETR","NVP","RPV","ABC","AZT","D4T","DDI","FTC","X3TC","TDF","ATV","DRV","FPV","IDV","LPV","NFV","SQV","TPV"
"integrase_E138AKT + G140ACS","low-level",10,15,10,15,15,NA,NA,NA,NA,NA,NA,NA,NA,NA,NA,NA,NA,NA,NA,NA,NA,NA,NA,NA,NA
"integrase_E138AKT + Q148HKR","low-level",10,20,10,0,0,NA,NA,NA,NA,NA,NA,NA,NA,NA,NA,NA,NA,NA,NA,NA,NA,NA,NA,NA,NA
"integrase_E157Q + R263K","potential low-level",10,10,10,0,0,NA,NA,NA,NA,NA,NA,NA,NA,NA,NA,NA,NA,NA,NA,NA,NA,NA,NA,NA,NA
"integrase_E92Q + N155H","low-level",10,20,10,10,10,NA,NA,NA,NA,NA,NA,NA,NA,NA,NA,NA,NA,NA,NA,NA,NA,NA,NA,NA,NA
"integrase_G118R + E138AKT","potential low-level",10,10,10,10,10,NA,NA,NA,NA,NA,NA,NA,NA,NA,NA,NA,NA,NA,NA,NA,NA,NA,NA,NA,NA
"integrase_G140ACS + Q148HKR","low-level",10,20,10,0,0,NA,NA,NA,NA,NA,NA,NA,NA,NA,NA,NA,NA,NA,NA,NA,NA,NA,NA,NA,NA
"integrase_G140ACS + Q148HKR + G149A","potential low-level",10,10,10,10,10,NA,NA,NA,NA,NA,NA,NA,NA,NA,NA,NA,NA,NA,NA,NA,NA,NA,NA,NA,NA
"integrase_H51Y + R263K","low-level",10,10,10,15,0,NA,NA,NA,NA,NA,NA,NA,NA,NA,NA,NA,NA,NA,NA,NA,NA,NA,NA,NA,NA
"integrase_L74FIM + G118R","potential low-level",10,10,10,10,10,NA,NA,NA,NA,NA,NA,NA,NA,NA,NA,NA,NA,NA,NA,NA,NA,NA,NA,NA,NA
"integrase_L74FIM + Q148HKR","low-level",15,15,15,15,15,NA,NA,NA,NA,NA,NA,NA,NA,NA,NA,NA,NA,NA,NA,NA,NA,NA,NA,NA,NA
"integrase_L74FIM + Y143ACGHRS","potential low-level",5,10,5,5,0,NA,NA,NA,NA,NA,NA,NA,NA,NA,NA,NA,NA,NA,NA,NA,NA,NA,NA,NA,NA
"integrase_N155H + R263K","low-level",20,20,20,0,0,NA,NA,NA,NA,NA,NA,NA,NA,NA,NA,NA,NA,NA,NA,NA,NA,NA,NA,NA,NA
"integrase_Q148HKR + G163KR","low-level",5,20,5,0,0,NA,NA,NA,NA,NA,NA,NA,NA,NA,NA,NA,NA,NA,NA,NA,NA,NA,NA,NA,NA
"integrase_Q148HKR + N155H","low-level",20,20,20,0,0,NA,NA,NA,NA,NA,NA,NA,NA,NA,NA,NA,NA,NA,NA,NA,NA,NA,NA,NA,NA
"integrase_S147G + N155H","low-level",10,25,10,10,0,NA,NA,NA,NA,NA,NA,NA,NA,NA,NA,NA,NA,NA,NA,NA,NA,NA,NA,NA,NA
"integrase_S147G + Q148HKR","low-level",15,20,15,0,0,NA,NA,NA,NA,NA,NA,NA,NA,NA,NA,NA,NA,NA,NA,NA,NA,NA,NA,NA,NA
"integrase_T97A + G118R","potential low-level",10,10,10,10,10,NA,NA,NA,NA,NA,NA,NA,NA,NA,NA,NA,NA,NA,NA,NA,NA,NA,NA,NA,NA
"integrase_T97A + Q148HKR","low-level",15,20,15,0,0,NA,NA,NA,NA,NA,NA,NA,NA,NA,NA,NA,NA,NA,NA,NA,NA,NA,NA,NA,NA
"integrase_T97A + Y143ACGHRS","susceptible",0,5,0,5,0,NA,NA,NA,NA,NA,NA,NA,NA,NA,NA,NA,NA,NA,NA,NA,NA,NA,NA,NA,NA
"integrase_Y143ACGHRS + G163R","susceptible",5,5,5,5,0,NA,NA,NA,NA,NA,NA,NA,NA,NA,NA,NA,NA,NA,NA,NA,NA,NA,NA,NA,NA
"integrase_Y143ACGHRS + S230R","susceptible",5,5,5,5,0,NA,NA,NA,NA,NA,NA,NA,NA,NA,NA,NA,NA,NA,NA,NA,NA,NA,NA,NA,NA
"protease_F53L + L90M","potential low-level",NA,NA,NA,NA,NA,NA,NA,NA,NA,NA,NA,NA,NA,NA,NA,NA,NA,10,0,10,10,0,10,10,0
"protease_G73ACSTV + L90M","potential low-level",NA,NA,NA,NA,NA,NA,NA,NA,NA,NA,NA,NA,NA,NA,NA,NA,NA,10,0,10,10,0,10,10,0
"protease_I47AV + I54LM","susceptible",NA,NA,NA,NA,NA,NA,NA,NA,NA,NA,NA,NA,NA,NA,NA,NA,NA,5,5,5,5,5,5,0,0
"protease_I47AV + I84V","susceptible",NA,NA,NA,NA,NA,NA,NA,NA,NA,NA,NA,NA,NA,NA,NA,NA,NA,0,5,5,5,5,5,0,0
"protease_I54ALMSTV + L90M","potential low-level",NA,NA,NA,NA,NA,NA,NA,NA,NA,NA,NA,NA,NA,NA,NA,NA,NA,10,0,10,10,5,10,10,0
"protease_I54ALMSTV + V82ACFLMST","potential low-level",NA,NA,NA,NA,NA,NA,NA,NA,NA,NA,NA,NA,NA,NA,NA,NA,NA,10,0,10,10,10,10,10,0
"protease_I54LM + I84V","susceptible",NA,NA,NA,NA,NA,NA,NA,NA,NA,NA,NA,NA,NA,NA,NA,NA,NA,0,5,5,5,5,5,0,0
"protease_I54LM + L89V","susceptible",NA,NA,NA,NA,NA,NA,NA,NA,NA,NA,NA,NA,NA,NA,NA,NA,NA,0,5,5,5,5,5,0,0
"protease_M46IL + I84V + L90M","susceptible",NA,NA,NA,NA,NA,NA,NA,NA,NA,NA,NA,NA,NA,NA,NA,NA,NA,5,0,5,5,5,5,5,5
"protease_M46ILV + L76V","potential low-level",NA,NA,NA,NA,NA,NA,NA,NA,NA,NA,NA,NA,NA,NA,NA,NA,NA,0,0,10,10,10,10,0,0
"protease_M46ILV + L90M","potential low-level",NA,NA,NA,NA,NA,NA,NA,NA,NA,NA,NA,NA,NA,NA,NA,NA,NA,10,0,10,10,0,10,5,0
"protease_M46ILV + V82ACFLMST","potential low-level",NA,NA,NA,NA,NA,NA,NA,NA,NA,NA,NA,NA,NA,NA,NA,NA,NA,10,0,10,10,10,10,10,0
"protease_V11IL + I54LM","susceptible",NA,NA,NA,NA,NA,NA,NA,NA,NA,NA,NA,NA,NA,NA,NA,NA,NA,0,5,5,5,5,5,0,0
"protease_V11IL + V32I","susceptible",NA,NA,NA,NA,NA,NA,NA,NA,NA,NA,NA,NA,NA,NA,NA,NA,NA,0,5,5,5,5,5,0,0
"protease_V32I + I47AV","susceptible",NA,NA,NA,NA,NA,NA,NA,NA,NA,NA,NA,NA,NA,NA,NA,NA,NA,5,5,5,5,5,5,0,0
"protease_V32I + I54LM","susceptible",NA,NA,NA,NA,NA,NA,NA,NA,NA,NA,NA,NA,NA,NA,NA,NA,NA,5,5,5,5,5,5,0,0
"protease_V32I + I84V","susceptible",NA,NA,NA,NA,NA,NA,NA,NA,NA,NA,NA,NA,NA,NA,NA,NA,NA,0,5,5,5,5,5,0,0
"protease_V32I + L76V","susceptible",NA,NA,NA,NA,NA,NA,NA,NA,NA,NA,NA,NA,NA,NA,NA,NA,NA,0,5,5,5,5,5,0,0
"protease_V32I + L89V","susceptible",NA,NA,NA,NA,NA,NA,NA,NA,NA,NA,NA,NA,NA,NA,NA,NA,NA,0,5,5,5,5,5,0,0
"protease_V82ACFLMST + L90M","potential low-level",NA,NA,NA,NA,NA,NA,NA,NA,NA,NA,NA,NA,NA,NA,NA,NA,NA,10,0,10,10,5,10,10,0
"rt_A98G + F227C","low-level",NA,NA,NA,NA,NA,15,15,15,15,15,NA,NA,NA,NA,NA,NA,NA,NA,NA,NA,NA,NA,NA,NA,NA
"rt_A98G + Y181C","susceptible",NA,NA,NA,NA,NA,5,5,5,5,5,NA,NA,NA,NA,NA,NA,NA,NA,NA,NA,NA,NA,NA,NA,NA
"rt_D67EGN + K70R + K219ENQR","potential low-level",NA,NA,NA,NA,NA,NA,NA,NA,NA,NA,10,10,10,10,10,10,10,NA,NA,NA,NA,NA,NA,NA,NA
"rt_D67EGN + K70R + M184IV + K219ENQR","low-level",NA,NA,NA,NA,NA,NA,NA,NA,NA,NA,20,0,0,0,0,0,0,NA,NA,NA,NA,NA,NA,NA,NA
"rt_D67EGN + T215FY + K219ENQR","susceptible",NA,NA,NA,NA,NA,NA,NA,NA,NA,NA,5,5,5,5,0,0,5,NA,NA,NA,NA,NA,NA,NA,NA
"rt_E138K + M184I","low-level",NA,NA,NA,NA,NA,0,0,0,0,15,NA,NA,NA,NA,NA,NA,NA,NA,NA,NA,NA,NA,NA,NA,NA
"rt_E40F + M41L + L210W + T215FY","susceptible",NA,NA,NA,NA,NA,NA,NA,NA,NA,NA,5,5,5,5,0,0,5,NA,NA,NA,NA,NA,NA,NA,NA
"rt_F77L + F116Y + Q151M","low-level",NA,NA,NA,NA,NA,NA,NA,NA,NA,NA,10,10,10,10,15,15,15,NA,NA,NA,NA,NA,NA,NA,NA
"rt_K101E + G190A","susceptible",NA,NA,NA,NA,NA,5,0,5,0,0,NA,NA,NA,NA,NA,NA,NA,NA,NA,NA,NA,NA,NA,NA,NA
"rt_K101E + G190S","susceptible",NA,NA,NA,NA,NA,5,0,5,0,0,NA,NA,NA,NA,NA,NA,NA,NA,NA,NA,NA,NA,NA,NA,NA
"rt_K101E + M184I","low-level",NA,NA,NA,NA,NA,0,0,0,0,15,NA,NA,NA,NA,NA,NA,NA,NA,NA,NA,NA,NA,NA,NA,NA
"rt_K101E + Y181C","susceptible",NA,NA,NA,NA,NA,0,5,5,5,0,NA,NA,NA,NA,NA,NA,NA,NA,NA,NA,NA,NA,NA,NA,NA
"rt_K101E + Y188L","susceptible",NA,NA,NA,NA,NA,0,0,5,0,0,NA,NA,NA,NA,NA,NA,NA,NA,NA,NA,NA,NA,NA,NA,NA
"rt_K103N + Y181C","potential low-level",NA,NA,NA,NA,NA,10,0,0,0,0,NA,NA,NA,NA,NA,NA,NA,NA,NA,NA,NA,NA,NA,NA,NA
"rt_K103R + V179D","low-level",NA,NA,NA,NA,NA,0,20,0,20,15,NA,NA,NA,NA,NA,NA,NA,NA,NA,NA,NA,NA,NA,NA,NA
"rt_K65R + Q151M","potential low-level",NA,NA,NA,NA,NA,NA,NA,NA,NA,NA,0,10,0,0,0,0,10,NA,NA,NA,NA,NA,NA,NA,NA
"rt_K70EGNQST + M184IV","potential low-level",NA,NA,NA,NA,NA,NA,NA,NA,NA,NA,0,0,10,0,0,0,10,NA,NA,NA,NA,NA,NA,NA,NA
"rt_K70R + T215FY","susceptible",NA,NA,NA,NA,NA,NA,NA,NA,NA,NA,5,5,5,5,0,0,5,NA,NA,NA,NA,NA,NA,NA,NA
"rt_L100I + K103N","low-level",NA,NA,NA,NA,NA,15,0,0,0,0,NA,NA,NA,NA,NA,NA,NA,NA,NA,NA,NA,NA,NA,NA,NA
"rt_L210W + T215ACDEILNSV","susceptible",NA,NA,NA,NA,NA,NA,NA,NA,NA,NA,5,5,5,5,0,0,5,NA,NA,NA,NA,NA,NA,NA,NA
"rt_L210W + T215FY","potential low-level",NA,NA,NA,NA,NA,NA,NA,NA,NA,NA,10,10,10,10,5,5,10,NA,NA,NA,NA,NA,NA,NA,NA
"rt_L74IV + M184IV","low-level",NA,NA,NA,NA,NA,NA,NA,NA,NA,NA,15,0,0,0,0,0,0,NA,NA,NA,NA,NA,NA,NA,NA
"rt_M41L + D67EGN + T215FY","susceptible",NA,NA,NA,NA,NA,NA,NA,NA,NA,NA,5,5,5,5,5,5,5,NA,NA,NA,NA,NA,NA,NA,NA
"rt_M41L + E44AD + L210W + T215FY","susceptible",NA,NA,NA,NA,NA,NA,NA,NA,NA,NA,5,5,5,5,0,0,5,NA,NA,NA,NA,NA,NA,NA,NA
"rt_M41L + L210W","potential low-level",NA,NA,NA,NA,NA,NA,NA,NA,NA,NA,10,10,10,10,0,0,10,NA,NA,NA,NA,NA,NA,NA,NA
"rt_M41L + L210W + T215FY","susceptible",NA,NA,NA,NA,NA,NA,NA,NA,NA,NA,5,0,0,0,5,5,5,NA,NA,NA,NA,NA,NA,NA,NA
"rt_M41L + T215ACDEILNSV","susceptible",NA,NA,NA,NA,NA,NA,NA,NA,NA,NA,5,5,5,5,0,0,5,NA,NA,NA,NA,NA,NA,NA,NA
"rt_M41L + T215FY","low-level",NA,NA,NA,NA,NA,NA,NA,NA,NA,NA,15,10,10,10,5,5,10,NA,NA,NA,NA,NA,NA,NA,NA
"rt_Q151M + M184IV","potential low-level",NA,NA,NA,NA,NA,NA,NA,NA,NA,NA,0,10,10,0,0,0,10,NA,NA,NA,NA,NA,NA,NA,NA
"rt_V106A + F227L","low-level",NA,NA,NA,NA,NA,15,15,0,0,0,NA,NA,NA,NA,NA,NA,NA,NA,NA,NA,NA,NA,NA,NA,NA
"rt_V106I + G190S","potential low-level",NA,NA,NA,NA,NA,10,0,0,0,0,NA,NA,NA,NA,NA,NA,NA,NA,NA,NA,NA,NA,NA,NA,NA
"rt_V106I + Y181C","potential low-level",NA,NA,NA,NA,NA,10,0,0,0,10,NA,NA,NA,NA,NA,NA,NA,NA,NA,NA,NA,NA,NA,NA,NA
"rt_V108I + L234I","low-level",NA,NA,NA,NA,NA,15,0,0,0,0,NA,NA,NA,NA,NA,NA,NA,NA,NA,NA,NA,NA,NA,NA,NA
"rt_V108I + Y181C","potential low-level",NA,NA,NA,NA,NA,10,0,0,0,0,NA,NA,NA,NA,NA,NA,NA,NA,NA,NA,NA,NA,NA,NA,NA
"rt_V179F + Y181C","low-level",NA,NA,NA,NA,NA,0,0,15,0,15,NA,NA,NA,NA,NA,NA,NA,NA,NA,NA,NA,NA,NA,NA,NA
"rt_V179T + Y181C","potential low-level",NA,NA,NA,NA,NA,0,0,10,0,10,NA,NA,NA,NA,NA,NA,NA,NA,NA,NA,NA,NA,NA,NA,NA
"rt_Y181C + G190ACSTV","low-level",NA,NA,NA,NA,NA,20,0,10,0,10,NA,NA,NA,NA,NA,NA,NA,NA,NA,NA,NA,NA,NA,NA,NA
"rt_Y181CIV + H221Y","potential low-level",NA,NA,NA,NA,NA,10,0,0,0,10,NA,NA,NA,NA,NA,NA,NA,NA,NA,NA,NA,NA,NA,NA,NA
